case,window_id,vision_available,telemetry_available,telemetry_age_s,expected_risk_level,expected_system_health,expected_dominant_evidence
Calm baseline (low risk),1,1,1,0,Low,FULL,Low observed risk
Visual distraction emerging,7,1,1,0,Medium,FULL,Vision-dominant
Aggressive telemetry high risk,10,1,1,0,High,FULL,Telemetry-dominant
Telemetry missing (vision only),14,1,0,999,Medium,DEGRADED,Partial evidence
Vision missing (telemetry only),15,0,1,0,High,DEGRADED,Partial evidence
Telemetry stale,16,1,1,4,Medium,DEGRADED,Partial evidence
Both modalities missing,17,0,0,999,Low,UNAVAILABLE,Partial evidence
Combined evidence,19,1,1,0,Medium,FULL,Combined evidence
Recovery sustained low,25,1,1,0,Low,FULL,Low observed risk
